<?xml version="1.0" encoding="UTF-8" standalone="yes"?>
<addon id="repository.doge" name="Doge" version="0.0.5" provider-name="Doge">
	<extension point="xbmc.addon.repository" name="Doge Repository">
		<dir>
  <info compressed="false">http://teamuniversal.xyz/modules4all/addons.xml</info>
  <checksum>http://teamuniversal.xyz/modules4all/addons.xml.md5</checksum>
  <datadir zip="true">http://teamuniversal.xyz/modules4all/</datadir>
 </dir>
		<info compressed="false">https://raw.githubusercontent.com/todayismyluckyday/repository.doge/master/zips/addons.xml</info>
		<checksum>https://raw.githubusercontent.com/todayismyluckyday/repository.doge/master/zips/addons.xml.md5</checksum>
		<datadir zip="true">https://raw.githubusercontent.com/todayismyluckyday/repository.doge/master/zips/</datadir>
	</extension>
	<extension point="xbmc.addon.metadata">
		<summary lang="en">It not pan or cake</summary>
		<description lang="en">Doge has his very own addon and he says very much content</description>
		<genre></genre>
	</extension>
</addon>