<?xml version="1.0" encoding="UTF-8" standalone="yes"?>
<addon id="plugin.program.dogewizard" name="[B][COLORcyan]D[COLORgrey]oge [COLORcyan]W[COLORgrey]izard[/COLOR][/B]" version="1.1.4" provider-name="doge">
  <requires>
    <import addon="xbmc.python" version="2.1.0"/>
  </requires>
  <extension point="xbmc.python.pluginsource" library="default.py">
    <provides>executable</provides>
  </extension>
  <extension point="xbmc.service" library="" start="startup" />
  <extension point="xbmc.addon.metadata">
    <summary lang="en">Doge-Wizard</summary>
    <description lang="en">Wow, it's doge!</description>
    <platform>all</platform>
  </extension>
</addon>